{"cameraMode":{"drawMode":0,"name":"Shaded","section":"Shading Mode"},"sceneLighting":true,"audioPlay":false,"sceneViewState":{"showFog":true,"showMaterialUpdate":false,"showSkybox":true,"showFlares":true,"showImageEffects":true,"showParticleSystems":true},"in2DMode":false,"pivot":{"x":-1.2148628234863282,"y":0.03780469298362732,"z":2.717672824859619},"rotation":{"x":0.015530896373093129,"y":-0.2128324657678604,"z":0.003391687059774995,"w":0.9769657850265503},"size":2.516751527786255,"orthographic":false}