{"cameraMode":{"drawMode":0,"name":"Shaded","section":"Shading Mode"},"sceneLighting":false,"audioPlay":false,"sceneViewState":{"showFog":true,"showMaterialUpdate":false,"showSkybox":false,"showFlares":true,"showImageEffects":true,"showParticleSystems":true},"in2DMode":false,"pivot":{"x":-1.141753077507019,"y":0.32727447152137759,"z":0.5744543671607971},"rotation":{"x":0.763782262802124,"y":0.18804271519184113,"z":-0.2554970681667328,"w":0.5621527433395386},"size":1.9240614175796509,"orthographic":false}